staff_id,token
Nhan_1,eyJhbGciOiJIUzI1NiJ9.eyJkYXRhIjp7InVzZXJfaWQiOnsiJG9pZCI6IjRkYWJkOWQ0MzE2NDM4YTdjMWJiMzllNCJ9fSwiaWF0IjoxNjg5MjE5ODcwLCJleHAiOjE2OTE4MTE4NzB9.z5X7GmkpaFDJVoHFYEViYidrtR0diyAZi2gBjiSgGVM
Nhan_2,eyJhbGciOiJIUzI1NiJ9.eyJkYXRhIjp7InVzZXJfaWQiOnsiJG9pZCI6IjRkNDViZjY0MzE2NDM4YTM5ZjhiOTIyMCJ9fSwiaWF0IjoxNjg5MjE5ODc1LCJleHAiOjE2OTE4MTE4NzV9.afmbKlZ5EBExpa7oW8CUz5NqYG0-D14bZ-FNO-mFwJ8
Nhan_3,eyJhbGciOiJIUzI1NiJ9.eyJkYXRhIjp7InVzZXJfaWQiOnsiJG9pZCI6IjRkODI5NmZhMzE2NDM4NGM5ZDBlNzNkYyJ9fSwiaWF0IjoxNjg5MjE5ODc2LCJleHAiOjE2OTE4MTE4NzZ9.xGfzwORPw80ODNRJ5wXD0XArdRAygCJtdATQzokCrh4
Nhan_4,eyJhbGciOiJIUzI1NiJ9.eyJkYXRhIjp7InVzZXJfaWQiOnsiJG9pZCI6IjRkYmEzY2VhMzE2NDM4MDk4MzE0MTJjYyJ9fSwiaWF0IjoxNjg5MjE5ODc3LCJleHAiOjE2OTE4MTE4Nzd9.4e6iYzGTtELyD40x6SywLXF6g8tu17XvZ-5oRFI11BI
Nhan_5,eyJhbGciOiJIUzI1NiJ9.eyJkYXRhIjp7InVzZXJfaWQiOnsiJG9pZCI6IjRkNTVmYzFjMzE2NDM4ZTBiMjM4OTYzOCJ9fSwiaWF0IjoxNjg5MjE5ODc5LCJleHAiOjE2OTE4MTE4Nzl9.ejjcZrxaMT-xiFIS5cW-WFM5s-HuJYmOXEeRQV-oYu8
Nhan_7,eyJhbGciOiJIUzI1NiJ9.eyJkYXRhIjp7InVzZXJfaWQiOnsiJG9pZCI6IjRkOGM3MDMwMzE2NDM4NDgzN2JiZWU0MCJ9fSwiaWF0IjoxNjg5MjE5ODgwLCJleHAiOjE2OTE4MTE4ODB9.dnB0LUoWMIK9NcF68Q-3I0wqtTVYR6khoVi1E2Ckxt4
Nhan_8,eyJhbGciOiJIUzI1NiJ9.eyJkYXRhIjp7InVzZXJfaWQiOnsiJG9pZCI6IjRkYmY2NDU0MzE2NDM4ZTczMDhkMDNmOCJ9fSwiaWF0IjoxNjg5MjE5ODgxLCJleHAiOjE2OTE4MTE4ODF9.uLINhbLpPTahnySOrkvgpp3DScDyBEIGOlbTEPZLBX0
Nhan_10,eyJhbGciOiJIUzI1NiJ9.eyJkYXRhIjp7InVzZXJfaWQiOnsiJG9pZCI6IjRkNWVjYzAyMzE2NDM4YTViMTU4ZmI3NCJ9fSwiaWF0IjoxNjg5MjE5ODgyLCJleHAiOjE2OTE4MTE4ODJ9.cXU-a1NAGukRppSVxLoeo7GIBSqjUy4FtY4NJCW_Ru8
Nhan_11,eyJhbGciOiJIUzI1NiJ9.eyJkYXRhIjp7InVzZXJfaWQiOnsiJG9pZCI6IjRkOTY5OWYyMzE2NDM4MmY5YjQzYmI4OCJ9fSwiaWF0IjoxNjg5MjE5ODgzLCJleHAiOjE2OTE4MTE4ODN9.UjVcDbkX6GcbLVRORSWZjPlN_wgHh8GJTJiSFEiidps
Nhan_12,eyJhbGciOiJIUzI1NiJ9.eyJkYXRhIjp7InVzZXJfaWQiOnsiJG9pZCI6IjRkNDYzNDk0MzE2NDM4YzM0ZDAyNjExOCJ9fSwiaWF0IjoxNjg5MjE5ODg0LCJleHAiOjE2OTE4MTE4ODR9.SViuCoFMdim2vO9CD0NerfhmtFX1SLXamUBGV8qEWE0
Nhan_13,eyJhbGciOiJIUzI1NiJ9.eyJkYXRhIjp7InVzZXJfaWQiOnsiJG9pZCI6IjRkODcxN2EyMzE2NDM4NWQ5ZTg2NGQzMCJ9fSwiaWF0IjoxNjg5MjIxMDg5LCJleHAiOjE2OTE4MTMwODl9.nSk7Qoan9OCLZi9kZi3H1IYrcVzFGomKMo--33woWzU
Nhan_14,eyJhbGciOiJIUzI1NiJ9.eyJkYXRhIjp7InVzZXJfaWQiOnsiJG9pZCI6IjRkYzk2NmI2MzE2NDM4YTFjNDBjMDllOCJ9fSwiaWF0IjoxNjg5MjE5ODg2LCJleHAiOjE2OTE4MTE4ODZ9.ziDrU5DOdHS5UAXtMeAMKAV1njUi0-lgXbnaA5GTJdc
Nhan_15,eyJhbGciOiJIUzI1NiJ9.eyJkYXRhIjp7InVzZXJfaWQiOnsiJG9pZCI6IjRkN2NjOWI0MzE2NDM4MDBiZGZmOTI3OCJ9fSwiaWF0IjoxNjg5MjE5ODg4LCJleHAiOjE2OTE4MTE4ODh9.8cKXanWhjo2gGDto9QyvXHNX3Ilc3WmLO1eqjdEc3xE
Nhan_16,eyJhbGciOiJIUzI1NiJ9.eyJkYXRhIjp7InVzZXJfaWQiOnsiJG9pZCI6IjRkYjMyMWY4MzE2NDM4MTYyYWViM2Y3MCJ9fSwiaWF0IjoxNjg5MjE5ODg4LCJleHAiOjE2OTE4MTE4ODh9.UQcmYIGqzF72ji9jCWIXQtetUwRSdrEnsRuQyfdzvo8
Nhan_17,eyJhbGciOiJIUzI1NiJ9.eyJkYXRhIjp7InVzZXJfaWQiOnsiJG9pZCI6IjRkNGJhOTg4MzE2NDM4ZTMwNzdjMDgwOCJ9fSwiaWF0IjoxNjg5MjE5ODg5LCJleHAiOjE2OTE4MTE4ODl9.AsvFYZtZvdSAPC9XyqbDFWLmArkNpXKtnEtZ8n_J298
Nhan_18,eyJhbGciOiJIUzI1NiJ9.eyJkYXRhIjp7InVzZXJfaWQiOnsiJG9pZCI6IjRkN2RhZTZhMzE2NDM4ZjQwMGU4NTllNCJ9fSwiaWF0IjoxNjg5MjE5ODkwLCJleHAiOjE2OTE4MTE4OTB9.Z_4myxi1hrLg9rU3I5LIPRpYnh5fb0SZw1FFx1IGMlI
Nhan_19,eyJhbGciOiJIUzI1NiJ9.eyJkYXRhIjp7InVzZXJfaWQiOnsiJG9pZCI6IjRkY2M3MTllMzE2NDM4ZDdlMjY5NjMxNCJ9fSwiaWF0IjoxNjg5MjE5ODkxLCJleHAiOjE2OTE4MTE4OTF9.bwqNK_KiSg_wBUqVZOtmrBhDHljC58b2WJ8Iyk4sEpg
Nhan_20,eyJhbGciOiJIUzI1NiJ9.eyJkYXRhIjp7InVzZXJfaWQiOnsiJG9pZCI6IjRkNmNhZWQwMzE2NDM4MTljNTU5YTI4OCJ9fSwiaWF0IjoxNjg5MjE5ODkyLCJleHAiOjE2OTE4MTE4OTJ9.Rc0mR-T6FAfUyM_hOJp93agNi1bq3zLAScGZcYOAIow
Nhan_22,eyJhbGciOiJIUzI1NiJ9.eyJkYXRhIjp7InVzZXJfaWQiOnsiJG9pZCI6IjRkOWE0OGNjMzE2NDM4N2MwMWUzODRiMCJ9fSwiaWF0IjoxNjg5MjE5ODkzLCJleHAiOjE2OTE4MTE4OTN9.9fZ80adiVWK4M0xUNM1Py1ZgqVOjLswpSeZgSnYhyXU
Nhan_23,eyJhbGciOiJIUzI1NiJ9.eyJkYXRhIjp7InVzZXJfaWQiOnsiJG9pZCI6IjRkNGEyZTVhMzE2NDM4YWE1ZWI5ODI1YyJ9fSwiaWF0IjoxNjg5MjE5ODk1LCJleHAiOjE2OTE4MTE4OTV9.G8u8jvjQKX7F8-3exZ5HDgWRnl459GAgsnaieuM81A4
Nhan_24,eyJhbGciOiJIUzI1NiJ9.eyJkYXRhIjp7InVzZXJfaWQiOnsiJG9pZCI6IjRkYTE5NzQ0MzE2NDM4NTRlMjEwNmExOCJ9fSwiaWF0IjoxNjg5MjE5ODk2LCJleHAiOjE2OTE4MTE4OTZ9.A2euS7CWlSpfPqyTnUmAO7_HucKBOR-ws5UF7GhORlU
Nhan_25,eyJhbGciOiJIUzI1NiJ9.eyJkYXRhIjp7InVzZXJfaWQiOnsiJG9pZCI6IjRkY2ZmOWZlMzE2NDM4YWMyM2QxZDhkNCJ9fSwiaWF0IjoxNjg5MjIxMTIwLCJleHAiOjE2OTE4MTMxMjB9.aHkM_-WrhBmNUU9BXjtSgmlMkp4nMpq4Kpec9PCM7Lo
Nhan_26,eyJhbGciOiJIUzI1NiJ9.eyJkYXRhIjp7InVzZXJfaWQiOnsiJG9pZCI6IjRkNjgxZWVjMzE2NDM4NzgzOTRjMDA2OCJ9fSwiaWF0IjoxNjg5MjE5ODk4LCJleHAiOjE2OTE4MTE4OTh9.CydjRvQF0-G44wmQKlaG8YirglOIl_IoeAI0fYXwPIo
Nhan_27,eyJhbGciOiJIUzI1NiJ9.eyJkYXRhIjp7InVzZXJfaWQiOnsiJG9pZCI6IjRkYTRlYmIwMzE2NDM4ODc2ZTNlMzg2YyJ9fSwiaWF0IjoxNjg5MjE5ODk5LCJleHAiOjE2OTE4MTE4OTl9.vPB4ScLji6EtfuxbpylzepHj4oDer9tfLFAjWHC-5yg
Nhan_28,eyJhbGciOiJIUzI1NiJ9.eyJkYXRhIjp7InVzZXJfaWQiOnsiJG9pZCI6IjRkNDU1ODhhMzE2NDM4MGY0Yzg0Y2E4YyJ9fSwiaWF0IjoxNjg5MjE5OTAwLCJleHAiOjE2OTE4MTE5MDB9.qexDuYLnXNYmvXtiJgrm9K4pIPlzSIqwRfU1Q8Mi3GI
Nhan_29,eyJhbGciOiJIUzI1NiJ9.eyJkYXRhIjp7InVzZXJfaWQiOnsiJG9pZCI6IjRkN2JlNDlhMzE2NDM4YWJlMWIxYjkyNCJ9fSwiaWF0IjoxNjg5MjE5OTAxLCJleHAiOjE2OTE4MTE5MDF9.tyVY-nWtJxQo6oQXXyZf7fv6PmBslbG5vfO3foVsduQ
Nhan_30,eyJhbGciOiJIUzI1NiJ9.eyJkYXRhIjp7InVzZXJfaWQiOnsiJG9pZCI6IjRkYjQ3ZTBlMzEzNTYzMDMyZjc2OTQwOCJ9fSwiaWF0IjoxNjg5MjIxMTMzLCJleHAiOjE2OTE4MTMxMzN9.ESqjenjwNVrwxuIi7DG_VmhxYmYw7JxaZfA8Dd51MDI
